<annotation verified="yes">
	<folder>Gliomia</folder>
	<filename>2.0---88670-i794.bmp</filename>
	<path>D:\DIPA Asif 2019\DIPA_Brain_DataSet\Orignal\Gliomia\2.0---88670-i794.bmp</path>
	<source>
		<database>Unknown</database>
	</source>
	<size>
		<width>512</width>
		<height>512</height>
		<depth>1</depth>
	</size>
	<segmented>0</segmented>
	<object>
		<name>Gliomia</name>
		<pose>Unspecified</pose>
		<truncated>0</truncated>
		<difficult>0</difficult>
		<bndbox>
			<xmin>137</xmin>
			<ymin>153</ymin>
			<xmax>262</xmax>
			<ymax>294</ymax>
		</bndbox>
	</object>
</annotation>
